season,episode,title,airdate,rating,voteCount,description
1,1,Simpsons Roasting on an Open Fire,17 Dec. 1989,8.2,5633,"The family is forced to spend all of their savings to get Bart's new tattoo removed, and with no money for Christmas, Homer is forced to become a store Santa."
1,2,Bart the Genius,14 Jan. 1990,7.7,3580,Bart ends up at a school for gifted children after cheating on an IQ test.
1,3,Homer's Odyssey,21 Jan. 1990,7.4,3145,"After losing his job, Homer contemplates ending it all, until he discovers a new life path as a safety advocate."
1,4,There's No Disgrace Like Home,28 Jan. 1990,7.7,3087,"After being embarrassed by the rest of the family at a company picnic, Homer becomes obsessed with improving their behavior towards each other."
1,5,Bart the General,4 Feb. 1990,8.0,3130,"After being beaten up by Nelson Muntz one too many times, Bart turns to Grampa for help, and soon leads a rebellion against the school bully."
1,6,Moaning Lisa,11 Feb. 1990,7.6,3015,"A depressed Lisa's spirit is lifted when she meets a jazz-man, Bleeding Gums Murphy."
1,7,The Call of the Simpsons,18 Feb. 1990,7.8,2903,"Homer takes the family camping, but it soon becomes a misadventure when they lose their equipment and Homer is mistaken for Bigfoot."
1,8,The Telltale Head,25 Feb. 1990,7.7,2827,Bart gets more than he bargained for when he saws the head off a statue of the town's founder.
1,9,Life on the Fast Lane,18 Mar. 1990,7.5,2809,Marge contemplates an affair with a handsome bowling instructor.
1,10,Homer's Night Out,25 Mar. 1990,7.4,2715,"After a photograph of Homer canoodling with an exotic dancer is distributed throughout Springfield, he finds himself kicked out of the house by Marge."
1,11,The Crepes of Wrath,15 Apr. 1990,7.8,2746,"Bart is sent to France on a student exchange program, where he's treated like a slave; An Albanian student takes Bart's place in the family."
1,12,Krusty Gets Busted,29 Apr. 1990,8.4,2998,"Homer witnesses a robbery at the Kwik-E-Mart, where the culprit is a man dressed like Bart's hero, Krusty the Clown. But there's more than meets the eye?"
1,13,Some Enchanted Evening,13 May 1990,7.8,2752,"Homer and Marge enjoy a night on the town, leaving the kids with a diabolical babysitter, with a surprising secret."
2,1,Bart Gets an F,11 Oct. 1990,8.2,2983,"Mrs. Krabappel, fed up with Bart's lackadaisical approach to his studies, gives him an ultimatum: shape up or repeat the fourth grade."
2,2,Simpson and Delilah,18 Oct. 1990,8.2,2835,Homer lies on a medical insurance form in order to obtain a miracle hair restoring drug.
2,3,Treehouse of Horror,25 Oct. 1990,8.3,3161,"The Simpsons move into a cursed house, then are abducted by aliens, before Homer is ensconced in a tale by Edgar Allen Poe."
2,4,Two Cars in Every Garage and Three Eyes on Every Fish,1 Nov. 1990,8.1,2596,"After the power plant experiences bad publicity and is threatened with closure, Mr. Burns decides to run for Governor in order to have power over the law."
2,5,Dancin' Homer,8 Nov. 1990,7.5,2509,Homer's heckling of the Springfield Isotopes baseball team during one of their games inadvertently leads to his appointment as the new team mascot.
2,6,Dead Putting Society,15 Nov. 1990,8.0,2437,"In an attempt to show up Ned Flanders, Homer pits Bart against Ned's son, Todd, in a miniature golf competition."
2,7,Bart vs. Thanksgiving,22 Nov. 1990,7.8,2405,"On Thanksgiving, Bart runs away after fighting with Lisa."
2,8,Bart the Daredevil,6 Dec. 1990,8.4,2653,"After seeing a motorcycle daredevil at a monster truck show, Bart becomes a death-defying daredevil skateboarder."
2,9,Itchy & Scratchy & Marge,20 Dec. 1990,8.1,2480,Marge becomes a crusader against cartoon violence after watching The Itchy and Scratchy Show.
2,10,Bart Gets Hit by a Car,10 Jan. 1991,7.8,2380,"While skateboarding down the street, Bart is hit by a car driven by Mr. Burns. Homer turns down Mr. Burns' token offer of $100, and instead hires ambulance-chaser Lionel Hutz to bring an outrageous lawsuit against the millionaire."
2,11,"One Fish, Two Fish, Blowfish, Blue Fish",24 Jan. 1991,8.8,2934,"After apparently consuming poison blowfish, Homer is told that he only has 24 hours to live."
2,12,The Way We Was,31 Jan. 1991,8.3,2483,Homer and Marge tell the story of how they met and fell in love in high school.
2,13,Homer vs. Lisa and the 8th Commandment,7 Feb. 1991,8.0,2339,"Homer gets a crooked cable guy to install free cable in the Simpson home, and as a result, Lisa faces an ethical crisis over her family's stealing."
2,14,Principal Charming,14 Feb. 1991,7.5,2254,"Homer tries to set Selma up with Principal Skinner, only for him to fall for Patty instead."
2,15,"Oh Brother, Where Art Thou?",21 Feb. 1991,8.3,2481,"After Grampa is hospitalized, he reveals that Homer has a half-brother, and the family set out to find him."
2,16,Bart's Dog Gets an F,7 Mar. 1991,7.5,2235,"After an uncontrollable Santa's Little Helper destroys several important Simpson possessions, Homer announces that he will be thrown out of the house unless he completes obedience training."
2,17,Old Money,28 Mar. 1991,7.6,2186,"After Grampa's new girlfriend dies and leaves him $106,000 in her will, he tries to decide what to do with it."
2,18,Brush with Greatness,11 Apr. 1991,8.0,2229,"After becoming trapped in a water slide, Homer decides to go on a diet, while Marge enrolls in an art class and is soon commissioned to paint a portrait of Mr. Burns."
2,19,Lisa's Substitute,25 Apr. 1991,8.6,2855,Lisa has a crush on her substitute teacher; Bart decides to run for class president.
2,20,The War of the Simpsons,2 May 1991,7.9,2188,"Homer must decide which is more important: completing counseling to save his marriage or skipping out to catch a legendary catfish. Meanwhile, at home, Bart and Lisa take advantage of Grampa's ignorance of the house rules."
2,21,Three Men and a Comic Book,9 May 1991,8.3,2401,"Bart, Milhouse and Martin each pitch in to buy an expensive comic book, which soon has a disastrous effect on their friendship."
2,22,Blood Feud,11 Jul. 1991,7.9,2154,"Bart saves Mr. Burns's life. But Homer becomes enraged when Mr. Burns doesn't return the favor by sending the Simpsons what he considers to be an appropriate ""thank you"" gift."
3,1,Stark Raving Dad,19 Sep. 1991,8.6,3084,Homer accidentally lands in a mental hospital and ends up sharing a room with a white man who thinks he is Michael Jackson.
3,2,Mr. Lisa Goes to Washington,26 Sep. 1991,7.8,2276,"After winning a political essay contest, Lisa is invited to Washington, D.C., but she soon becomes upset after discovering how policy-making really works."
3,3,When Flanders Failed,3 Oct. 1991,8.2,2345,"After wishing for Flanders to lose his business, Homer discovers that his neighbor is actually about to go bankrupt and decides to help him out."
3,4,Bart the Murderer,10 Oct. 1991,8.6,2574,"After having a horrible day, Bart gets a job tending bar for a group of gangsters and becomes the prime suspect when Principal Skinner mysteriously disappears."
3,5,Homer Defined,17 Oct. 1991,8.5,2449,"Homer is a hero after averting a nuclear meltdown that he nearly caused, but he doesn't want to tell anyone that he stopped it completely by accident."
3,6,"Like Father, Like Clown",24 Oct. 1991,7.7,2202,Bart and Lisa try to reunite Krusty the Clown with his father.
3,7,Treehouse of Horror II,31 Oct. 1991,8.3,2431,"The Simpson family receives a severed monkey's paw which can grant wishes, Bart gains magical powers which he uses to turn Homer into a Jack-in-the-box, and Mr. Burns uses Homer's brain to create a robot."
3,8,Lisa's Pony,7 Nov. 1991,7.9,2138,Homer buys Lisa a pony that the family can ill afford.
3,9,Saturdays of Thunder,14 Nov. 1991,7.9,2116,"After Homer fails a fathering test, he decides to help Bart build his Soap Box Derby racer."
3,10,Flaming Moe's,21 Nov. 1991,8.8,2772,"Moe claims a drink that Homer invented is his own, with the drink making the bar a local hot spot, but threatens his friendship with Homer."
3,11,Burns Verkaufen der Kraftwerk,5 Dec. 1991,8.3,2231,"Burns decides to retire and sells the power plant to a German consortium for an exorbitant price. Homer's laziness and inefficiency are quickly exposed by his new bosses, and he is laid off."
3,12,I Married Marge,26 Dec. 1991,8.3,2129,"As Marge goes to the doctor for a pregnancy test, Homer tells the children of the events leading up to his marriage, and Bart's birth."
3,13,Radio Bart,9 Jan. 1992,8.5,2360,"After Bart receives a microphone which can transmit through radios, he decides to pull a series of pranks and eventually convinces the town that a boy has fallen down a well."
3,14,Lisa the Greek,23 Jan. 1992,8.0,2035,Homer uses Lisa (and her prognostic skills) to help him bet on football games.
3,15,Homer Alone,6 Feb. 1992,8.1,2051,"While Marge spends a couple of days at Rancho Relaxo after she has a breakdown, Bart and Lisa stay with Patty and Selma, and Homer stays at home to take care of Maggie."
3,16,Bart the Lover,13 Feb. 1992,8.3,2233,"After Mrs. Krabappel gives Bart a month of detention, he gets his revenge by responding to her newspaper singles ad. Meanwhile, Marge suggests Homer to start a swear jar to stop him cursing."
3,17,Homer at the Bat,20 Feb. 1992,8.7,2716,"Homer and his co-workers qualify for the plant softball team's league final, but Mr. Burns hires nine professional MLB players in order to win a $1 million bet."
3,18,Separate Vocations,27 Feb. 1992,8.2,2070,"The results of a standardized test steer Bart in the direction of law and order at Springfield Elementary School. However, Lisa becomes so depressed by her results that she turns to juvenile delinquency."
3,19,Dog of Death,12 Mar. 1992,7.8,1998,"The Simpsons wind up regretting paying for an expensive surgery for Santa's Little Helper. He then runs away from home, winds up in the animal shelter, and is adopted by Mr. Burns to become an attack dog."
3,20,Colonel Homer,26 Mar. 1992,8.0,2148,"Homer becomes the manager of a beautiful young country singer and finds himself almost attracted to her, sparking Marge's jealousy."
3,21,Black Widower,9 Apr. 1992,8.3,2143,Sideshow Bob gets out of jail and plots to take his revenge on Bart by marrying his Aunt Selma and killing her.
3,22,The Otto Show,23 Apr. 1992,7.7,2036,"After Otto loses his job as school bus driver because he does not have a license, Bart convinces Homer and Marge to let Otto stay with them until he gets back on his feet."
3,23,Bart's Friend Falls in Love,7 May 1992,7.8,2005,"Milhouse falls in love with Samantha, a new transfer student, and Bart becomes jealous of all the time they are spending together. Meanwhile, Homer orders a subliminal weight loss tape, but is given a vocabulary builder by mistake."
3,24,"Brother, Can You Spare Two Dimes?",27 Aug. 1992,8.3,2104,"After Homer ""wins"" a $2000 settlement with the plant for radiation affecting his sperm count, his brother Herb comes to Springfield with an idea that could help him get his fortune back."
4,1,Kamp Krusty,24 Sep. 1992,8.5,2475,"Bart and Lisa attend ""Kamp Krusty"" but it is nothing like they thought it would be; Homer's hair grows back and he loses weight while the kids are away."
4,2,A Streetcar Named Marge,1 Oct. 1992,8.2,2303,"Marge stars in a musical adaptation of A Streetcar Named Desire, but is angry with Homer's lack of interest; Maggie squares off with her strict new daycare owner."
4,3,Homer the Heretic,8 Oct. 1992,9.0,2970,"After skipping church one week, Homer decides that he is never going back. However, when a calamity occurs, it takes the combined efforts of a number of people from different faiths to save him."
4,4,Lisa the Beauty Queen,15 Oct. 1992,7.8,2093,Lisa enters the Little Miss Springfield pageant.
4,5,Treehouse of Horror III,29 Oct. 1992,8.5,2412,An evil Krusty the Clown doll tries to kill Homer; Marge is captured by a giant ape who falls in love with her; Bart inadvertently raises the dead.
4,6,Itchy & Scratchy: The Movie,3 Nov. 1992,8.2,2208,"With Bart continually getting in trouble, Homer bans him from seeing the new Itchy & Scratchy movie."
4,7,Marge Gets a Job,5 Nov. 1992,7.8,2006,"When Marge takes a job at the power plant, Mr. Burns falls in love with her."
4,8,New Kid on the Block,12 Nov. 1992,8.2,2176,"Bart develops a crush on his new neighbor, only to discover that she's dating Jimbo Jones; Homer sues an all-you-can-eat restaurant after he's kicked out."
4,9,Mr. Plow,19 Nov. 1992,8.9,2766,"Homer opens a snow plow business only to have his best friend Barney open a rival outfit, with commercials by Linda Ronstadt. Homer sends Barney into an avalanche, then feels guilty and saves his life."
4,10,Lisa's First Word,3 Dec. 1992,8.7,2353,"While trying to coax Maggie into saying her first word, Homer and Marge talk about how Lisa spoke hers."
4,11,Homer's Triple Bypass,17 Dec. 1992,8.7,2406,"Years of poor eating habits catch up with Homer when he suffers a massive heart attack, but the family can't afford the triple bypass operation he needs."
4,12,Marge vs. the Monorail,14 Jan. 1993,9.1,3389,"After receiving a considerable donation of money, Springfield builds a monorail system with Homer as the conductor, unaware they've just boarded a one-way train to Hell."
4,13,Selma's Choice,21 Jan. 1993,8.0,2039,"Selma starts to feel broody, but after taking Bart and Lisa to Duff Gardens, she changes her mind."
4,14,Brother from the Same Planet,4 Feb. 1993,8.2,2053,"When Bart gets tired of Homer's horrible parenting skills, he enrolled in the ""Bigger Brother"" program where he's assigned a fantastic role model."
4,15,I Love Lisa,11 Feb. 1993,8.4,2219,"Lisa gives Ralph a Valentine's card out of pity and then regrets it when he develops a crush on her. They attend Krusty's 29th anniversary show, and perform together in the Presidents' Day pageant."
4,16,Duffless,18 Feb. 1993,8.4,2095,"After Homer is arrested for DUI, and loses his driver's license, he is put to the ultimate test when Marge pressures him to give up beer for a month."
4,17,Last Exit to Springfield,11 Mar. 1993,9.1,3098,Homer becomes union leader and leads a company strike when Mr. Burns takes away the company dental plan.
4,18,So It's Come to This: A Simpsons Clip Show,1 Apr. 1993,7.1,1916,Bart's April fools prank results in a huge explosion that seriously injures the Simpsons patriarch.
4,19,The Front,15 Apr. 1993,8.1,1933,"Bart and Lisa decide to write their own episodes of the ""Itchy and Scratchy"" show after they begin to grow bored with the current scripts."
4,20,Whacking Day,29 Apr. 1993,8.1,2116,"Marge attempts to home school Bart after he is expelled from Springfield Elementary. Meanwhile, Lisa protests a barbaric local holiday centered around clubbing snakes to death."
4,21,Marge in Chains,6 May 1993,7.8,1890,"A misunderstanding leads to Marge being imprisoned for shoplifting, with her absence soon descending the family, and eventually, the town into chaos."
4,22,Krusty Gets Kancelled,13 May 1993,8.2,2123,"A massive advertising blitz announces the arrival of something named ""Gabbo."" Eventually, Gabbo is revealed to be a Howdy Doody-esque dummy, whose sensational success causes Krusty the Clown's show to be canceled."
5,1,Homer's Barbershop Quartet,30 Sep. 1993,8.5,2491,"After the kids find a record with Homer's picture on it, he recalls the story of how he achieved fame in the 1980s with his barbershop quartet, The Be Sharps."
5,2,Cape Feare,7 Oct. 1993,9.2,3555,"After being released from prison on parole, Sideshow Bob plots to murder Bart."
5,3,Homer Goes to College,14 Oct. 1993,8.6,2498,"When a surprise inspection of the nuclear power plant reveals that Homer is not qualified to do his job, he is forced to go to college."
5,4,Rosebud,21 Oct. 1993,8.9,2526,"After his birthday party goes wrong, Mr. Burns begins to want his childhood toy, a teddy bear named Bobo; Homer finds that Maggie is in possession of the doll."
5,5,Treehouse of Horror IV,28 Oct. 1993,8.8,2530,"Homer sells his soul to the Devil for a donut, Bart contends with a gremlin on the side of the school bus which only he can see, and the family discovers that Mr. Burns is a vampire."
5,6,Marge on the Lam,4 Nov. 1993,8.1,1983,A girls' night out turns into a high speed chase when Marge learns her friend is driving a stolen car.
5,7,Bart's Inner Child,11 Nov. 1993,7.7,1872,"Brad Goodman, a self-help guru, encourages Springfield to act more like Bart, with disastrous results."
5,8,Boy Scoutz 'n the Hood,18 Nov. 1993,8.7,2238,"After joining the Junior Campers while on a sugar high, Bart reluctantly invites Homer to accompany him on the group's annual father-son rafting trip, which soon goes awry."
5,9,The Last Temptation of Homer,9 Dec. 1993,8.5,2235,Homer's marriage is in trouble when he develops an attraction to a new co-worker.
5,10,"$pringfield (Or, How I Learned to Stop Worrying and Love Legalized Gambling)",16 Dec. 1993,8.6,2242,"Mr. Burns builds a casino when Springfield decides to legalize gambling, with Marge becoming addicted to the slot machines."
5,11,Homer the Vigilante,6 Jan. 1994,8.3,2053,An outbreak of burglaries inspires Homer to lead a vigilante group.
5,12,Bart Gets Famous,3 Feb. 1994,8.2,1957,"Bart becomes an overnight sensation as the ""I didn't do it"" boy on Krusty the Clown's show."
5,13,Homer and Apu,10 Feb. 1994,8.3,2017,Apu moves in with the Simpsons after losing his job when Homer gets ill from the contaminated food; James Woods takes over the Kwik-E-Mart.
5,14,Lisa vs. Malibu Stacy,17 Feb. 1994,8.2,2014,Lisa leads a protest against a talking doll which she believes is sexist.
5,15,Deep Space Homer,24 Feb. 1994,8.9,2570,"In an effort to increase the dismal television ratings for their space launches, NASA decides to send an ordinary man into space, and Homer is chosen for the task."
5,16,Homer Loves Flanders,17 Mar. 1994,8.5,2068,"After Flanders invites Homer to a football game, the pair become friends, but Homer's possessiveness and loutish behaviour slowly turns Ned against him."
5,17,Bart Gets an Elephant,31 Mar. 1994,7.9,1950,"After Bart receives an elephant as a prize for calling in to a radio station, the animal proves to be too costly to care for and Homer decides to sell it."
5,18,Burns' Heir,14 Apr. 1994,8.4,1957,"After coming close to death, Mr. Burns decides than it's time to find an heir to his empire, and chooses Bart because of his truly devious nature."
5,19,Sweet Seymour Skinner's Baadasssss Song,28 Apr. 1994,8.4,2004,"Bart accidentally gets Principal Skinner fired on inspection day, with Ned Flanders taking over as his replacement."
5,20,The Boy Who Knew Too Much,5 May 1994,8.3,1915,"Bart witnesses the alleged assault of a waiter by Mayor Quimby's nephew, but coming forward will mean admitting to skipping class, and face the consequences."
5,21,Lady Bouvier's Lover,12 May 1994,7.6,1748,"Grampa falls in love with Marge's mother, but must compete with Mr. Burns for her heart."
5,22,Secrets of a Successful Marriage,19 May 1994,8.1,1826,"Homer begins teaching a class on how to have a successful marriage, but jeopardizes his own marriage by revealing secrets about himself and Marge."
6,1,Bart of Darkness,4 Sep. 1994,8.7,2342,"After he breaks his leg and becomes confined to his room, Bart begins spying on the neighbors with his telescope, and suspects Ned of murdering Maude."
6,2,Lisa's Rival,11 Sep. 1994,8.1,2019,"Lisa is jealous when a new girl in class is smarter than she is. Meanwhile, Homer obtains a massive amount of sugar."
6,3,Another Simpsons Clip Show,25 Sep. 1994,5.9,1825,The family recalls past tales of lost love.
6,4,Itchy & Scratchy Land,2 Oct. 1994,8.6,2236,A family vacation to Itchy & Scratchy Land turns disastrous when the robots malfunction and turn on the tourists.
6,5,Sideshow Bob Roberts,9 Oct. 1994,8.3,1961,"Sideshow Bob is released from prison and runs for Mayor of Springfield. When he wins the election, Bart and Lisa suspect foul play and are determined to expose Bob's corruption."
6,6,Treehouse of Horror V,30 Oct. 1994,9.2,3082,The family's job at Mr. Burns' country estate goes awry when Homer goes mad; Homer's attempt to repair a toaster results in inadvertent time travel; The school staff turn cannibalistic.
6,7,Bart's Girlfriend,6 Nov. 1994,8.1,1982,Bart falls for Reverend Lovejoy's daughter and is surprised when she becomes a bad influence on him.
6,8,Lisa on Ice,13 Nov. 1994,8.6,2155,"Homer gives all his attention to Bart because he is the star of his hockey team, which makes Lisa jealous. But when a rival team discovers that she is an excellent goalie, Bart suddenly has a rival for Homer's attention."
6,9,Homer Badman,27 Nov. 1994,9.0,2779,"After a series of misunderstandings, Homer is labeled a pervert, and must try to clear his name."
6,10,Grampa vs. Sexual Inadequacy,4 Dec. 1994,8.1,1846,Homer and Abe hit the road to sell Abe's miraculous aphrodisiac.
6,11,Fear of Flying,18 Dec. 1994,7.8,1882,Marge goes into therapy to cure her of her traumatizing fear of flying.
6,12,Homer the Great,8 Jan. 1995,9.0,2557,"Homer becomes a member of a mysterious organization called the Stonecutters and is heralded as ""the chosen one""."
6,13,And Maggie Makes Three,22 Jan. 1995,8.8,2341,Homer recounts the story of Maggie's birth when the kids ask why there are no photos of her in the family album.
6,14,Bart's Comet,5 Feb. 1995,8.7,2098,Bart discovers a comet that is on a collision course with Springfield.
6,15,Homie the Clown,12 Feb. 1995,8.6,2151,"Homer becomes a Krusty the Clown stand-in, but is mistaken for the real Krusty by the Springfield mafia."
6,16,Bart vs. Australia,19 Feb. 1995,8.5,2278,"After he makes a collect call to Australia and refuses to pay for it, Bart sparks an international incident, with the Simpsons forced to travel to the country in order to repair political relations."
6,17,Homer vs. Patty and Selma,26 Feb. 1995,7.9,1765,"Desperate for money, Homer takes a loan from Patty and Selma; Bart discovers a natural talent for ballet."
6,18,A Star Is Burns,5 Mar. 1995,8.6,2129,"The citizens of Springfield host their very own film festival, with a popular movie critic from New York arriving to judge."
6,19,Lisa's Wedding,19 Mar. 1995,8.3,2053,A fortune teller gives Lisa a look at her wedding in the year 2010.
6,20,Two Dozen and One Greyhounds,9 Apr. 1995,8.2,1830,"Santa's Little Helper's new mate has puppies, and Mr. Burns schemes to steal them and make them into a coat."
6,21,The PTA Disbands,16 Apr. 1995,8.1,1775,Marge fills in for Mrs. Krabappel during a teachers' strike.
6,22,'Round Springfield,30 Apr. 1995,8.2,1894,"When Bart is hospitalized, Lisa runs into her hero, Bleeding Gums Murphy, who is also a patient. However, when he dies soon after, she is devastated."
6,23,The Springfield Connection,7 May 1995,8.2,1802,Marge deals with corruption and crime when she joins the Springfield police force.
6,24,Lemon of Troy,14 May 1995,8.7,2247,"When a group of Shelbyville kids steal Springfield's sacred lemon tree, Bart and his friends venture there to get the tree back."
6,25,Who Shot Mr. Burns? Part One,21 May 1995,9.2,2860,"After Mr. Burns steals oil from Springfield Elementary, an unknown person, seemingly in retaliation, shoots him."
7,1,Who Shot Mr. Burns? Part Two,17 Sep. 1995,9.0,2580,"Mr. Burns is laying in the hospital while the investigation into his shooterbegins, every citizen has motivation, but it's Simpson DNA that has been found."
7,2,Radioactive Man,24 Sep. 1995,8.3,1958,Milhouse is cast as Radioactive Man's sidekick in a Hollywood production of the comic book.
7,3,Home Sweet Home-Dum-Diddly Doodily,1 Oct. 1995,8.4,1887,"Marge and Homer lose custody of the kids, who are sent to live at the Flanders' house."
7,4,Bart Sells His Soul,8 Oct. 1995,8.8,2350,Bart casually sells his soul to Milhouse for five dollars but later regrets it. Moe converts his dank bar into a fun family restaurant.
7,5,Lisa the Vegetarian,15 Oct. 1995,8.5,2212,"A trip to a local petting zoo convinces Lisa to give up meat, despite excessive pressure to convince her not to do so."
7,6,Treehouse of Horror VI,29 Oct. 1995,8.6,2234,A freak lightning storm causes giant advertising mascots to come to life; The children are terrorized by Groundskeeper Willie in their dreams; Homer finds himself trapped in another dimension.
7,7,King Size Homer,5 Nov. 1995,9.0,2691,"Homer intentionally gains more weight in order to qualify for disability and work from home, but soon realizes that being morbidly obese comes with its own problems."
7,8,Mother Simpson,19 Nov. 1995,8.6,2089,"After faking his own death, Homer is reunited with his mother, who harbors a deep secret."
7,9,Sideshow Bob's Last Gleaming,26 Nov. 1995,8.0,1768,"Sideshow Bob again escapes from prison and takes control of a TV screen at an air show, demanding all television stations immediately go off the air."
7,10,The Simpsons 138th Episode Spectacular!,3 Dec. 1995,7.5,1773,Troy McClure hosts a retrospective of the first 137 episodes of The Simpsons (1989).
7,11,Marge Be Not Proud,17 Dec. 1995,8.4,2069,Marge's relationship with Bart is strained when he is caught shoplifting before Christmas.
7,12,Team Homer,7 Jan. 1996,8.3,1794,"Homer starts a bowling team with Moe, Apu and Otto, but when Mr. Burns discovers the team was funded with his money, he insists on joining. Meanwhile, Springfield Elementary introduces uniforms."
7,13,Two Bad Neighbors,14 Jan. 1996,8.6,2101,"Former President George Bush and his wife, Barbara, move into the Simpsons' neighborhood and soon clash with Bart and Homer."
7,14,Scenes from the Class Struggle in Springfield,4 Feb. 1996,7.7,1656,"After buying a Chanel suit at a bargain price, Marge finds herself invited to a country club by a former schoolmate. Taken in by the opulence of the place, she is soon overcome by a desperation to fit in."
7,15,Bart the Fink,11 Feb. 1996,7.7,1624,"Krusty the Clown is left almost broke after Bart inadvertently rats him out to the IRS, forcing Krusty to take drastic action."
7,16,Lisa the Iconoclast,18 Feb. 1996,8.2,1782,Lisa may figure out what to do when she discovers that Springfield's founding father was actually a murderous thief while researching for an essay.
7,17,Homer the Smithers,25 Feb. 1996,8.9,2457,"When Smithers is forced to take a vacation, he appoints Homer as his temporary replacement."
7,18,The Day the Violence Died,17 Mar. 1996,8.1,1757,"Bart and Lisa meet a homeless person who claims to have created Itchy, the mouse from their favorite cartoon series, ""Itchy & Scratchy."""
7,19,A Fish Called Selma,24 Mar. 1996,8.2,1881,Washed-up movie star Troy McClure starts dating Selma in an attempt to silence bizarre rumors about his personal life and resuscitate his career.
7,20,Bart on the Road,31 Mar. 1996,8.6,1956,"Bart makes a fake driver's license and takes Milhouse, Martin and Nelson on a huge road trip; Lisa spends time with Homer at the power plant."
7,21,22 Short Films About Springfield,14 Apr. 1996,8.9,2485,A series of vignettes highlights a day in the life of various Springfield residents.
7,22,Raging Abe Simpson and His Grumbling Grandson in 'The Curse of the Flying Hellfish',28 Apr. 1996,8.4,1921,"Another member of Grampa Simpson's WWII platoon dies, leaving only him and Mr. Burns. Years earlier, the men stole a number of priceless masterpieces from Nazi Germany, and now Mr. Burns aims to ensure he is the one to inherit them."
7,23,Much Apu About Nothing,5 May 1996,8.1,1687,"Anti-immigration fever sweeps Springfield, which threatens to lead to the deportation of Apu, until Homer decides to reject the mob mentality and help him become a legal citizen."
7,24,Homerpalooza,19 May 1996,8.0,1792,"Determined to prove he is still cool, Homer takes Bart and Lisa to the Hullabalooza music festival, where he finds he has a talent for being shot in the stomach, and joins the festival's freak show."
7,25,"Summer of 4'2""",19 May 1996,8.4,1947,"After realizing how unpopular she is, a disillusioned Lisa sees the vacation to Ned Flanders' beach house as an opportunity to reinvent herself."
8,1,Treehouse of Horror VII,27 Oct. 1996,8.5,2091,Bart discovers his Siamese twin in the attic; Lisa becomes a God after she accidentally creates life in a science fair project; Kang and Kodos plot to conquer the planet.
8,2,You Only Move Twice,3 Nov. 1996,9.3,3931,"After moving to another town for a new job, Homer must decide whether or not to stay when the family have a hard time with the transfer."
8,3,The Homer They Fall,10 Nov. 1996,8.1,1842,Homer becomes a boxer after Moe discovers his amazing ability to take a punch.
8,4,"Burns, Baby Burns",17 Nov. 1996,7.7,1814,"The Simpsons try to reunite Homer's boss, Mr. Burns, with Larry, Burns' long-lost son."
8,5,Bart After Dark,24 Nov. 1996,8.3,1891,Marge leads a crusade against a local burlesque house after she discovers Bart working there.
8,6,A Milhouse Divided,1 Dec. 1996,8.1,1776,"When Kirk and Luann hit a roadblock in their marriage, Luann announces she's getting a divorce, causing Homer to worry about his own marriage."
8,7,Lisa's Date with Density,15 Dec. 1996,7.8,1734,"Lisa develops a crush on Nelson, and tries to reform him; Homer gets an autodialer and decides to make easy money with a telemarketing scam."
8,8,Hurricane Neddy,29 Dec. 1996,8.8,2174,"After a hurricane hits Springfield and destroys Ned Flanders' house, he suffers a breakdown and is forced to confront problems from his childhood."
8,9,El Viaje Misterioso De Nuestro Jomer,5 Jan. 1997,8.6,2310,"At Springfield's annual chili cook-off, Homer eats a spicy concoction containing hallucinogenic peppers from Guatemala, and subsequently has a vision which makes him doubt Marge is his soul mate."
8,10,The Springfield Files,12 Jan. 1997,9.1,2966,Special Agents Mulder and Scully arrive in Springfield after Homer claims to have seen an alien.
8,11,The Twisted World of Marge Simpson,19 Jan. 1997,7.8,1692,"Marge enters the pretzel vending business, but when she fails, Homer recruits some help from the mob."
8,12,Mountain of Madness,2 Feb. 1997,8.6,1953,Homer and Mr. Burns get trapped in a snowed-in cabin during a company retreat.
8,13,Simpsoncalifragilisticexpiala(Annoyed Grunt)cious,7 Feb. 1997,7.7,1836,"Marge is stressed from motherhood and hired a British nanny to help out around the house, and to everyone at Rosie, she teaches Bart and Lisa how to behave."
8,14,The Itchy & Scratchy & Poochie Show,7 Feb. 1997,8.0,1833,"Krusty becomes alarmed at the flagging ratings for ""The Itchy & Scratchy Show"" and demands it be corrected. The producers reason some new gimmicks are needed to inject fresh air and - after a focus group doesn't quite go as well as planned - decide to introduce a new character named Poochie, a rapping cartoon dog that is supposed to become friends with Itchy and Scratchy. Homer auditions to do Poochie's voice and wins the part. Poochie's first cartoon, ""The Beagle Has Landed,"" premieres to great fanfare but is poorly received to say the least. The producers decide ..."
8,15,Homer's Phobia,16 Feb. 1997,8.8,2613,"After Marge befriends John, a gay store owner, Homer worries that his presence will have a negative effect on Bart's sexuality."
8,16,Brother from Another Series,23 Feb. 1997,8.2,1875,"Grudge against his brother Side Show Bob, Cecil tries to kill Springfield with hydro-electric dam explosion which was fonded hollowed structure by him. Side Show Bob also has a good Side."
8,17,"My Sister, My Sitter",2 Mar. 1997,8.0,1747,Bart is outraged when Lisa becomes his babysitter.
8,18,Homer vs. the 18th Amendment,16 Mar. 1997,8.9,2237,"After Bart inadvertently becomes drunk at a St. Patrick's Day celebration, an old prohibition law banning drinking in Springfield is rediscovered and enforced. Desperate to keep alcohol in the city, Homer takes matters into his own hands."
8,19,Grade School Confidential,6 Apr. 1997,8.2,1758,"Bart discovers Principal Skinner and Mrs Krabappel kissing, and it's not long before the whole town knows of their secret affair."
8,20,The Canine Mutiny,13 Apr. 1997,7.7,1585,"After he fraudulently obtains a credit card, Bart buys a new dog named Laddie. When the items he purchased are repossessed, he lies that Santa's Little Helper is the dog he bought, and soon misses his pet."
8,21,The Old Man and the Lisa,20 Apr. 1997,7.9,1668,Burns loses his fortune and recruits Lisa to help him get it back.
8,22,In Marge We Trust,27 Apr. 1997,8.1,1713,Marge becomes a church counselor; Homer discovers his face on a Japanese detergent logo.
8,23,Homer's Enemy,4 May 1997,9.3,3945,Industrious Frank Grimes starts working at the plant and becomes irritated by Homer's laziness; Bart buys a run-down factory for a dollar.
8,24,The Simpsons Spin-Off Showcase,11 May 1997,7.2,1709,"Troy McClure presents three spinoffs: ""Chief Wiggins, P.I.,"" ""The Love-Matic Grandpa,"" and ""The Simpson Family Smile-Time Variety Hour."""
8,25,The Secret War of Lisa Simpson,18 May 1997,7.9,1653,"After a prank destroys half the town, Bart is shipped away to military school. Lisa, seeking a challenge, decides to enroll with him, but is faced with discrimination as the school's only girl cadet."
9,1,The City of New York vs. Homer Simpson,21 Sep. 1997,9.1,3082,"Homer must travel to New York to get his car back, which is illegally parked at World Trade Center Plaza."
9,2,The Principal and the Pauper,28 Sep. 1997,6.9,2043,"At his 20th anniversary celebration as school principal, Principal Skinner is discovered to be an imposter of the real Seymour Skinner."
9,3,Lisa's Sax,19 Oct. 1997,8.1,1664,"Homer recounts the story of Bart's first day of school, which corresponds with the story of how Lisa got her saxophone."
9,4,Treehouse of Horror VIII,26 Oct. 1997,8.2,1778,Homer battles mutants after Springfield is annihilated by a neutron bomb; Bart has his DNA mixed with a fly; Marge is revealed to be a witch in colonial Springfield.
9,5,The Cartridge Family,2 Nov. 1997,8.2,1819,"After a massive soccer riot, Homer purchases a gun to protect the family."
9,6,Bart Star,9 Nov. 1997,7.7,1549,"A damning report on childhood obesity in Springfield leads to the formation of a pee-wee football team. After belittling Ned Flanders, Homer ends up coaching the team, but his favoring of Bart makes him unpopular."
9,7,The Two Mrs. Nahasapeemapetilons,16 Nov. 1997,7.7,1507,"Apu receives a letter from his mother stating that it's time for him fulfilled his arranged marriage obligation, he pretends Marge is his wife."
9,8,Lisa the Skeptic,23 Nov. 1997,8.1,1659,Townspeople believe Lisa has unearthed the fossiled remains of a angel.
9,9,Realty Bites,7 Dec. 1997,7.6,1507,Marge becomes a real-estate agent.
9,10,Miracle on Evergreen Terrace,21 Dec. 1997,7.6,1660,"When Bart accidentally burns down the family's Christmas tree and gifts, he claims that a robber stole everything. As a result, the town gets them a new tree and pitches in to raise funds."
9,11,"All Singing, All Dancing",4 Jan. 1998,5.0,1821,"Homer is disappointed when the western he rented turns out to be a musical, so the family reminds him of the musical moments in the show's history."
9,12,Bart Carny,11 Jan. 1998,7.7,1570,"Bart and Homer befriend two carnies and invite them to stay with them, but the carnies soon swindle the Simpsons out of their house."
9,13,The Joy of Sect,8 Feb. 1998,8.3,1759,An evil cult called the Movementarians brainwashes the citizens of Springfield and it's up to Marge to get them back.
9,14,Das Bus,15 Feb. 1998,8.2,1720,"While the kids become stranded on a desert island, Homer attempts to cash in on the Internet."
9,15,The Last Temptation of Krust,22 Feb. 1998,7.5,1475,"After a disastrous performance, Krusty changes his image and becomes an edgy stand-up."
9,16,Dumbbell Indemnity,1 Mar. 1998,7.7,1480,"Homer and Moe attempt insurance fraud so that Moe can support his new girlfriend. When Homer ends up in jail, Moe has to decide whether or not to come forward."
9,17,Lisa the Simpson,8 Mar. 1998,8.0,1665,"Lisa fears she is losing her intelligence when she learns about the fabled Simpson gene. Meanwhile, Jasper freezes himself in the Kwik-E-Mart freezer."
9,18,This Little Wiggy,22 Mar. 1998,7.9,1541,"Bart is reluctant to hang out with Ralph Wiggum, until he gains access to Chief Wiggum's master key to the city."
9,19,Simpson Tide,29 Mar. 1998,8.2,1643,Homer causes an international incident after he joins the Naval reserves.
9,20,The Trouble with Trillions,5 Apr. 1998,7.8,1549,"Homer is forced to spy for the IRS after an audit. But when he is asked to retrieve a trillion dollar bill from Mr. Burns, he switches sides and the two flee to Cuba for refuge."
9,21,Girly Edition,19 Apr. 1998,7.9,1516,"Bart and Lisa become locked in competition when they anchor a children's news program. Meanwhile, Homer adopts a helper monkey."
9,22,Trash of the Titans,26 Apr. 1998,8.4,1837,Homer becomes the sanitation commissioner for Springfield. His ineptitude pollutes the town and leads to a drastic solution.
9,23,King of the Hill,3 May 1998,8.2,1620,"After humiliating Bart at a church picnic, Homer resolves to get in shape. Soon, he is contacted by an energy bar company that wants him to climb a mountain as a promotion."
9,24,Lost Our Lisa,10 May 1998,7.8,1453,Lisa gets lost after she tries to take a bus to a museum.
9,25,Natural Born Kissers,17 May 1998,8.0,1578,Homer and Marge's attempt to spice up their marriage leads to the couple being chased naked through Springfield.
10,1,Lard of the Dance,23 Aug. 1998,7.6,1592,Homer and Bart try to start their own grease business; Lisa organizes a school dance.
10,2,The Wizard of Evergreen Terrace,20 Sep. 1998,8.2,1671,Homer's midlife crisis leads to a disastrous attempt at being an inventor.
10,3,Bart the Mother,27 Sep. 1998,7.6,1515,"When Bart accidentally kills a mother bird, he tries to make amends by raising the eggs."
10,4,Treehouse of Horror IX,25 Oct. 1998,8.0,1739,Homer receives an evil hair transplant; Bart and Lisa get trapped in an Itchy and Scratchy cartoon; Maggie is revealed to be an alien.
10,5,When You Dish Upon a Star,8 Nov. 1998,7.3,1528,Homer becomes a Hollywood insider when he befriends Alec Baldwin and Kim Basinger.
10,6,D'oh-in' in the Wind,15 Nov. 1998,7.6,1493,Homer becomes a hippie after a revelation about his middle name.
10,7,Lisa Gets an 'A',22 Nov. 1998,8.1,1559,"When Lisa cheats on a test, she has a moral crisis when her perfect score qualifies the school for grant money; Homer adopts a lobster as a pet."
10,8,Homer Simpson in: 'Kidney Trouble',6 Dec. 1998,7.3,1456,Homer gets cold feet before a transplant operation which could save Grampa's life.
10,9,Mayored to the Mob,20 Dec. 1998,8.2,1646,Homer deals with corruption when he becomes Mayor Quimby's bodyguard.
10,10,Viva Ned Flanders,10 Jan. 1999,7.9,1563,"When Homer takes Ned to Las Vegas in an attempt to get him to loosen up, the two end up drunkenly marrying a pair of cocktail waitresses."
10,11,Wild Barts Can't Be Broken,17 Jan. 1999,7.8,1471,The children of Springfield revolt after a curfew is enforced.
10,12,"Sunday, Cruddy Sunday",31 Jan. 1999,7.0,1444,"Homer and his friends head to the Super Bowl, but are forced to sneak in when they discover their tickets are counterfeit."
10,13,Homer to the Max,7 Feb. 1999,7.8,1513,Homer changes his name when a dimwitted TV character named Homer Simpson becomes an overnight sensation.
10,14,I'm with Cupid,14 Feb. 1999,7.3,1379,The husbands of Springfield plot revenge after Apu outshines them on Valentine's Day.
10,15,Marge Simpson in 'Screaming Yellow Honkers',21 Feb. 1999,7.3,1397,Marge's new SUV gives her a potent case of road rage.
10,16,Make Room for Lisa,28 Feb. 1999,7.6,1373,"Lisa feels that her relationship with her father will never be close, and she develops stress-induced stomach pains; Marge inadvertently knocks out Milhouse."
10,17,Maximum Homerdrive,28 Mar. 1999,7.7,1455,"Homer completes a cross country delivery for a trucker who dies before completing it, and takes Bart along for the ride. Meanwhile, Marge and Lisa experience problems with a novelty doorbell they purchase."
10,18,Simpsons Bible Stories,4 Apr. 1999,7.4,1453,Three famous religious stories are retold Simpsons style as the family nods off at church.
10,19,Mom and Pop Art,11 Apr. 1999,7.6,1462,Homer becomes the talk of the Springfield art community when a failed barbecue pit he worked on is mistaken for an art project.
10,20,The Old Man and the 'C' Student,25 Apr. 1999,7.3,1319,Bart is punished with community service at the Retirement Castle after he ruins Springfield's chances of hosting the Olympics.
10,21,Monty Can't Buy Me Love,2 May 1999,7.1,1323,"When a wealthy man moves to Springfield, Mr. Burns begins to feel that he is losing his grasp on the citizens and decides to enlist the help of Homer."
10,22,They Saved Lisa's Brain,9 May 1999,7.3,1353,"Lisa is invited to join the Springfield chapter of MENSA and after Mayor Quimby flees, the group ends up running the city. Meanwhile, Homer poses for a series of erotic photos."
10,23,Thirty Minutes Over Tokyo,16 May 1999,8.0,1630,The Simpsons must perform on a Japanese game show after Homer loses their money on a vacation.

